{"assets/fonts/Montserrat-Light.ttf":["assets/fonts/Montserrat-Light.ttf"],"assets/fonts/Montserrat-Regular.ttf":["assets/fonts/Montserrat-Regular.ttf"],"assets/fonts/Montserrat-Thin.ttf":["assets/fonts/Montserrat-Thin.ttf"],"assets/images/AMBULANCE.png":["assets/images/AMBULANCE.png"],"assets/images/ANDHRA%20PRADESH.png":["assets/images/ANDHRA%20PRADESH.png"],"assets/images/ASSAM.png":["assets/images/ASSAM.png"],"assets/images/BIHAR.png":["assets/images/BIHAR.png"],"assets/images/DELHI.png":["assets/images/DELHI.png"],"assets/images/DISCORD.png":["assets/images/DISCORD.png"],"assets/images/FOOD%20DELIVERY.png":["assets/images/FOOD%20DELIVERY.png"],"assets/images/FOOD%20SERVICE.png":["assets/images/FOOD%20SERVICE.png"],"assets/images/GOA.png":["assets/images/GOA.png"],"assets/images/GUJARAT.png":["assets/images/GUJARAT.png"],"assets/images/HARYANA.png":["assets/images/HARYANA.png"],"assets/images/HIMACHAL%20PRADESH.png":["assets/images/HIMACHAL%20PRADESH.png"],"assets/images/JAMMU%20AND%20KASHMIR.png":["assets/images/JAMMU%20AND%20KASHMIR.png"],"assets/images/KARNATAKA.png":["assets/images/KARNATAKA.png"],"assets/images/KERALA.png":["assets/images/KERALA.png"],"assets/images/Kaustav.jpg":["assets/images/Kaustav.jpg"],"assets/images/LINKEDIN.png":["assets/images/LINKEDIN.png"],"assets/images/MADHYA%20PRADESH.png":["assets/images/MADHYA%20PRADESH.png"],"assets/images/MAHARASHTRA.png":["assets/images/MAHARASHTRA.png"],"assets/images/Manisa.jpeg":["assets/images/Manisa.jpeg"],"assets/images/ODISHA.png":["assets/images/ODISHA.png"],"assets/images/OXYGEN.png":["assets/images/OXYGEN.png"],"assets/images/PLASMA.png":["assets/images/PLASMA.png"],"assets/images/PUNJAB.png":["assets/images/PUNJAB.png"],"assets/images/RAJASTHAN.png":["assets/images/RAJASTHAN.png"],"assets/images/REMDESIVIR.png":["assets/images/REMDESIVIR.png"],"assets/images/Sayam.jpeg":["assets/images/Sayam.jpeg"],"assets/images/TAMIL%20NADU.png":["assets/images/TAMIL%20NADU.png"],"assets/images/TELANGANA.png":["assets/images/TELANGANA.png"],"assets/images/TOCILIZUMAB.png":["assets/images/TOCILIZUMAB.png"],"assets/images/UTTAR%20PRADESH.png":["assets/images/UTTAR%20PRADESH.png"],"assets/images/VENTILATOR.png":["assets/images/VENTILATOR.png"],"assets/images/WEST%20BENGAL.png":["assets/images/WEST%20BENGAL.png"],"assets/images/email.png":["assets/images/email.png"],"assets/images/instagram.png":["assets/images/instagram.png"],"assets/images/logo.png":["assets/images/logo.png"],"assets/images/twitter.png":["assets/images/twitter.png"],"packages/cupertino_icons/assets/CupertinoIcons.ttf":["packages/cupertino_icons/assets/CupertinoIcons.ttf"],"packages/flutter_inappwebview/t_rex_runner/t-rex.css":["packages/flutter_inappwebview/t_rex_runner/t-rex.css"],"packages/flutter_inappwebview/t_rex_runner/t-rex.html":["packages/flutter_inappwebview/t_rex_runner/t-rex.html"],"packages/youtube_player_flutter/assets/speedometer.webp":["packages/youtube_player_flutter/assets/speedometer.webp"]}